Protocollo;Gruppo;DataOraIncidente;Localizzazione1;STRADA1;Localizzazione2;STRADA2;Strada02;Chilometrica;DaSpecificare;NaturaIncidente;particolaritastrade;TipoStrada;FondoStradale;Pavimentazione;Segnaletica;CondizioneAtmosferica;Traffico;Visibilita;Illuminazione;NUM_FERITI;NUM_RISERVATA;NUM_MORTI;NUM_ILLESI;Longitudine;Latitudine;Confermato;Progressivo;TipoVeicolo;StatoVeicolo;TipoPersona;Sesso;Tipolesione;Deceduto;DecedutoDopo;CinturaCascoUtilizzato;Airbag;
4269919;12;12/03/2019 10:00:00;Strada Urbana;LARGO DEL CICLISMO;all'intersezione con;VIALE DELL'UMANESIMO;VIALE DELL'UMANESIMO;;;Scontro laterale fra veicoli in marcia;Incrocio;Una carreggiata a doppio senso;Asciutto;Asfaltata;Verticale ed orizzontale;Vento forte;Normale;Buona;Ore Diurne;0;0;0;3;12.4607;41.8269;-1;2;Autovettura privata;In marcia / fermata / arresto;Passeggero Istruttore;M;Illeso;0;;Utilizzato;Inesploso
4269935;11;12/03/2019 12:45:00;Strada Urbana;VIA LAURENTINA;all'intersezione semaforizzata con;VIA DEL SERAFICO;VIA DEL SERAFICO;;;Tamponamento;Intersezione semaforizzata;Due carreggiate;Asciutto;Asfaltata;Verticale ed orizzontale;Sereno;Normale;Buona;Ore Diurne;1;0;0;1;12.4804;41.8298;-1;1;Autovettura privata;In marcia / fermata / arresto;Conducente;M;Illeso;0;;Non accertato;Inesploso
4269935;11;12/03/2019 12:45:00;Strada Urbana;VIA LAURENTINA;all'intersezione semaforizzata con;VIA DEL SERAFICO;VIA DEL SERAFICO;;;Tamponamento;Intersezione semaforizzata;Due carreggiate;Asciutto;Asfaltata;Verticale ed orizzontale;Sereno;Normale;Buona;Ore Diurne;1;0;0;1;12.4804;41.8298;-1;2;Autovettura privata;In marcia / fermata / arresto;Conducente;F;Rimandato;0;NON DECEDUTO;Non accertato;Esploso
4269948;18;12/03/2019 08:00:00;Strada Urbana;VIA ENNIO BONIFAZI;in corrispondenza;;del civico n.;30;;Scontro laterale fra veicoli in marcia;Rettilineo;Una carreggiata a doppio senso;Asciutto;Asfaltata;Orizzontale;Sereno;Normale;Buona;Ore Diurne;1;0;0;1;12.4176;41.9048;-1;1;Autovettura privata;In marcia / fermata / arresto;Conducente;F;Illeso;0;;Non accertato;Inesploso
4269948;18;12/03/2019 08:00:00;Strada Urbana;VIA ENNIO BONIFAZI;in corrispondenza;;del civico n.;30;;Scontro laterale fra veicoli in marcia;Rettilineo;Una carreggiata a doppio senso;Asciutto;Asfaltata;Orizzontale;Sereno;Normale;Buona;Ore Diurne;1;0;0;1;12.4176;41.9048;-1;2;Motociclo a solo;In marcia / fermata / arresto;Conducente;M;Rifiuta cure immediate;0;NON DECEDUTO;Non accertato;
4269973;12;09/03/2019 18:35:00;Strada Urbana;VIA CINA;da specificare;;;;ALTEZZA CIVICO 4 (AREA DI PARCHEGGIO);Investimento di pedone;Rettilineo;Una carreggiata a doppio senso;Asciutto;Asfaltata;Assente;Sereno;Scarso;Buona;Sufficiente;2;0;0;1;12.4342;41.8127;-1;;;;Pedone;M;Rimandato;0;NON DECEDUTO;;
4269973;12;09/03/2019 18:35:00;Strada Urbana;VIA CINA;da specificare;;;;ALTEZZA CIVICO 4 (AREA DI PARCHEGGIO);Investimento di pedone;Rettilineo;Una carreggiata a doppio senso;Asciutto;Asfaltata;Assente;Sereno;Scarso;Buona;Sufficiente;2;0;0;1;12.4342;41.8127;-1;;;;Pedone;M;Rimandato;0;NON DECEDUTO;;
4269973;12;09/03/2019 18:35:00;Strada Urbana;VIA CINA;da specificare;;;;ALTEZZA CIVICO 4 (AREA DI PARCHEGGIO);Investimento di pedone;Rettilineo;Una carreggiata a doppio senso;Asciutto;Asfaltata;Assente;Sereno;Scarso;Buona;Sufficiente;2;0;0;1;12.4342;41.8127;-1;1;Autovettura privata;In marcia / fermata / arresto;Conducente;M;Illeso;0;;Non accertato;Inesploso
4269984;18;12/03/2019 08:15:00;Strada Urbana;VIA GIULIO III;in corrispondenza;;del civico n.;8;;Veicolo in marcia contro veicolo arresto;Rettilineo;Una carreggiata a senso unico di marcia;Asciutto;Asfaltata;Verticale ed orizzontale;Sereno;Normale;Buona;Ore Diurne;0;0;0;3;12.422;41.9105;-1;1;Autocarro inferiore 35 q.;In marcia / fermata / arresto;Conducente;M;Illeso;0;;Non accertato;Inesploso
4269984;18;12/03/2019 08:15:00;Strada Urbana;VIA GIULIO III;in corrispondenza;;del civico n.;8;;Veicolo in marcia contro veicolo arresto;Rettilineo;Una carreggiata a senso unico di marcia;Asciutto;Asfaltata;Verticale ed orizzontale;Sereno;Normale;Buona;Ore Diurne;0;0;0;3;12.422;41.9105;-1;2;Autovettura privata;In marcia / fermata / arresto;Conducente;F;Illeso;0;;Non accertato;Inesploso
4269984;18;12/03/2019 08:15:00;Strada Urbana;VIA GIULIO III;in corrispondenza;;del civico n.;8;;Veicolo in marcia contro veicolo arresto;Rettilineo;Una carreggiata a senso unico di marcia;Asciutto;Asfaltata;Verticale ed orizzontale;Sereno;Normale;Buona;Ore Diurne;0;0;0;3;12.422;41.9105;-1;2;Autovettura privata;In marcia / fermata / arresto;Passeggero;M;Illeso;0;;Non accertato;Inesploso
4269999;12;11/03/2019 16:30:00;Strada Urbana;VIA GIORGIO VIGOLO;in prossimità;;del civico n.;21;;Scontro frontale/laterale SX fra veicoli in marcia;Rettilineo;Una carreggiata a doppio senso;Asciutto;Asfaltata;Verticale ed orizzontale;Sereno;Normale;Buona;Ore Diurne;0;0;0;3;12.4649;41.8046;-1;1;Autocarro inferiore 35 q.;In marcia / fermata / arresto;Conducente;M;Illeso;0;;Non accertato;
4269999;12;11/03/2019 16:30:00;Strada Urbana;VIA GIORGIO VIGOLO;in prossimità;;del civico n.;21;;Scontro frontale/laterale SX fra veicoli in marcia;Rettilineo;Una carreggiata a doppio senso;Asciutto;Asfaltata;Verticale ed orizzontale;Sereno;Normale;Buona;Ore Diurne;0;0;0;3;12.4649;41.8046;-1;2;Autovettura privata;In marcia / fermata / arresto;Conducente;F;Illeso;0;;Non accertato;
4269999;12;11/03/2019 16:30:00;Strada Urbana;VIA GIORGIO VIGOLO;in prossimità;;del civico n.;21;;Scontro frontale/laterale SX fra veicoli in marcia;Rettilineo;Una carreggiata a doppio senso;Asciutto;Asfaltata;Verticale ed orizzontale;Sereno;Normale;Buona;Ore Diurne;0;0;0;3;12.4649;41.8046;-1;2;Autovettura privata;In marcia / fermata / arresto;Passeggero;M;Illeso;0;;Non accertato;
4270013;16;11/03/2019 15:40:00;Strada Urbana;VIA DEI GONZAGA;in prossimità;;del civico n.;195;;Scontro laterale fra veicoli in marcia;Rettilineo;Una carreggiata a doppio senso;Asciutto;Asfaltata;Verticale ed orizzontale;Sereno;Normale;Buona;Ore Diurne;0;0;0;3;12.4183;41.8785;-1;1;Autovettura privata;In marcia / fermata / arresto;Conducente;F;Illeso;0;;Non accertato;Inesploso
4270013;16;11/03/2019 15:40:00;Strada Urbana;VIA DEI GONZAGA;in prossimità;;del civico n.;195;;Scontro laterale fra veicoli in marcia;Rettilineo;Una carreggiata a doppio senso;Asciutto;Asfaltata;Verticale ed orizzontale;Sereno;Normale;Buona;Ore Diurne;0;0;0;3;12.4183;41.8785;-1;2;Autovettura privata;In marcia / fermata / arresto;Conducente;F;Illeso;0;;Non accertato;Inesploso
4270013;16;11/03/2019 15:40:00;Strada Urbana;VIA DEI GONZAGA;in prossimità;;del civico n.;195;;Scontro laterale fra veicoli in marcia;Rettilineo;Una carreggiata a doppio senso;Asciutto;Asfaltata;Verticale ed orizzontale;Sereno;Normale;Buona;Ore Diurne;0;0;0;3;12.4183;41.8785;-1;2;Autovettura privata;In marcia / fermata / arresto;Passeggero;F;Illeso;0;;Non accertato;Inesploso
4270013;16;11/03/2019 15:40:00;Strada Urbana;VIA DEI GONZAGA;in prossimità;;del civico n.;195;;Scontro laterale fra veicoli in marcia;Rettilineo;Una carreggiata a doppio senso;Asciutto;Asfaltata;Verticale ed orizzontale;Sereno;Normale;Buona;Ore Diurne;0;0;0;3;12.4183;41.8785;-1;3;Autovettura privata;Sosta;;;;;;;
4270027;18;12/03/2019 10:15:00;Strada Urbana;VIA BALDO DEGLI UBALDI;da specificare;;;;FRONTE CIVICO 19;Scontro laterale fra veicoli in marcia;Rettilineo;Due carreggiate;Asciutto;Asfaltata;Verticale ed orizzontale;Sereno;Normale;Buona;Ore Diurne;0;0;0;2;12.4363;41.8999;-1;1;Autovettura privata;In marcia / fermata / arresto;Conducente;F;Illeso;0;;;
4270027;18;12/03/2019 10:15:00;Strada Urbana;VIA BALDO DEGLI UBALDI;da specificare;;;;FRONTE CIVICO 19;Scontro laterale fra veicoli in marcia;Rettilineo;Due carreggiate;Asciutto;Asfaltata;Verticale ed orizzontale;Sereno;Normale;Buona;Ore Diurne;0;0;0;2;12.4363;41.8999;-1;2;Autovettura privata;In marcia / fermata / arresto;Conducente;F;Illeso;0;;;
4270086;10;12/03/2019 14:25:00;Strada Urbana;VIA SCRIBONIO CURIONE;in prossimità;;del civico n.;26;;Scontro frontale/laterale DX fra veicoli in marcia;Rettilineo;Due carreggiate;Asciutto;Asfaltata;Orizzontale;Sereno;Normale;Buona;Ore Diurne;1;0;0;3;12.5534;41.8625;-1;1;Autovettura privata;In marcia / fermata / arresto;Conducente;M;Illeso;0;;Non accertato;Inesploso
4270086;10;12/03/2019 14:25:00;Strada Urbana;VIA SCRIBONIO CURIONE;in prossimità;;del civico n.;26;;Scontro frontale/laterale DX fra veicoli in marcia;Rettilineo;Due carreggiate;Asciutto;Asfaltata;Orizzontale;Sereno;Normale;Buona;Ore Diurne;1;0;0;3;12.5534;41.8625;-1;1;Autovettura privata;In marcia / fermata / arresto;Passeggero;F;Illeso;0;;Non accertato;Inesploso
4270086;10;12/03/2019 14:25:00;Strada Urbana;VIA SCRIBONIO CURIONE;in prossimità;;del civico n.;26;;Scontro frontale/laterale DX fra veicoli in marcia;Rettilineo;Due carreggiate;Asciutto;Asfaltata;Orizzontale;Sereno;Normale;Buona;Ore Diurne;1;0;0;3;12.5534;41.8625;-1;1;Autovettura privata;In marcia / fermata / arresto;Passeggero;F;Rimandato;0;NON DECEDUTO;Non accertato;Inesploso
4270086;10;12/03/2019 14:25:00;Strada Urbana;VIA SCRIBONIO CURIONE;in prossimità;;del civico n.;26;;Scontro frontale/laterale DX fra veicoli in marcia;Rettilineo;Due carreggiate;Asciutto;Asfaltata;Orizzontale;Sereno;Normale;Buona;Ore Diurne;1;0;0;3;12.5534;41.8625;-1;2;Autovettura privata;In marcia / fermata / arresto;Conducente;M;Illeso;0;;Non accertato;Inesploso
4270092;6;11/03/2019 21:15:00;Strada Urbana;VIA DI TOR PIGNATTARA;in prossimità;;del civico n.;5/7;;Investimento di pedone;Rettilineo;Una carreggiata a doppio senso;Asciutto;Asfaltata;Orizzontale;Nuvoloso;Scarso;Sufficiente;Sufficiente;1;0;0;2;12.5423;41.88;-1;;;;Pedone;F;Illeso;0;;;
4270092;6;11/03/2019 21:15:00;Strada Urbana;VIA DI TOR PIGNATTARA;in prossimità;;del civico n.;5/7;;Investimento di pedone;Rettilineo;Una carreggiata a doppio senso;Asciutto;Asfaltata;Orizzontale;Nuvoloso;Scarso;Sufficiente;Sufficiente;1;0;0;2;12.5423;41.88;-1;;;;Pedone;F;Rimandato;0;NON DECEDUTO;;
4270092;6;11/03/2019 21:15:00;Strada Urbana;VIA DI TOR PIGNATTARA;in prossimità;;del civico n.;5/7;;Investimento di pedone;Rettilineo;Una carreggiata a doppio senso;Asciutto;Asfaltata;Orizzontale;Nuvoloso;Scarso;Sufficiente;Sufficiente;1;0;0;2;12.5423;41.88;-1;1;Motociclo a solo;In marcia / fermata / arresto;Conducente;F;Illeso;0;;Non accertato;
4270173;13;12/03/2019 13:50:00;Strada Urbana;VIA ARISTOFANE;in prossimità;;del civico n.;100;;Scontro laterale fra veicoli in marcia;Rettilineo;Una carreggiata a doppio senso;Asciutto;Asfaltata;Verticale ed orizzontale;Sereno;Normale;Buona;Ore Diurne;0;0;0;2;12.371;41.7637;-1;1;Autovettura privata;In marcia / fermata / arresto;Conducente;F;Illeso;0;;;
4270173;13;12/03/2019 13:50:00;Strada Urbana;VIA ARISTOFANE;in prossimità;;del civico n.;100;;Scontro laterale fra veicoli in marcia;Rettilineo;Una carreggiata a doppio senso;Asciutto;Asfaltata;Verticale ed orizzontale;Sereno;Normale;Buona;Ore Diurne;0;0;0;2;12.371;41.7637;-1;2;Autovettura privata;In marcia / fermata / arresto;Conducente;F;Illeso;0;;;
4270191;16;11/03/2019 16:10:00;Strada Urbana;VIALE ISACCO NEWTON;in prossimità;;del civico n.;F.C. 83;;Scontro laterale fra veicoli in marcia;Rettilineo;Due carreggiate;Asciutto;Asfaltata;Assente;Sereno;Normale;Buona;Ore Diurne;0;0;0;2;12.4427;41.8481;-1;1;Autovettura privata;In marcia / fermata / arresto;Conducente;F;Illeso;0;;Non accertato;
4270191;16;11/03/2019 16:10:00;Strada Urbana;VIALE ISACCO NEWTON;in prossimità;;del civico n.;F.C. 83;;Scontro laterale fra veicoli in marcia;Rettilineo;Due carreggiate;Asciutto;Asfaltata;Assente;Sereno;Normale;Buona;Ore Diurne;0;0;0;2;12.4427;41.8481;-1;2;Motociclo a solo;In marcia / fermata / arresto;Conducente;M;Illeso;0;;Non accertato;
4270195;7;12/03/2019 09:36:00;Strada Urbana;VIA COLLATINA;da specificare;;;;fronte civico 442;Investimento di pedone;Rettilineo;Una carreggiata a doppio senso;Asciutto;Asfaltata;Verticale ed orizzontale;Sereno;Normale;Buona;Ore Diurne;1;0;0;1;12.6072;41.9049;-1;;;;Pedone;M;Ricoverato;0;NON DECEDUTO;;
4270195;7;12/03/2019 09:36:00;Strada Urbana;VIA COLLATINA;da specificare;;;;fronte civico 442;Investimento di pedone;Rettilineo;Una carreggiata a doppio senso;Asciutto;Asfaltata;Verticale ed orizzontale;Sereno;Normale;Buona;Ore Diurne;1;0;0;1;12.6072;41.9049;-1;1;Autoarticolato;In marcia / fermata / arresto;Conducente;M;Illeso;0;;Non accertato;Inesistente
4270211;16;11/03/2019 18:30:00;Strada Urbana;VIA OTTAVIO GASPARRI;da specificare;;;;altezza Via Giulia di Colloredo;Scontro laterale fra veicoli in marcia;Rettilineo;Due carreggiate;Asciutto;Asfaltata;Verticale ed orizzontale;Sereno;Normale;Buona;Sufficiente;0;0;0;3;12.4419;41.8782;-1;1;Autovettura privata;In marcia / fermata / arresto;Conducente;M;Illeso;0;;Non accertato;Inesploso
4270211;16;11/03/2019 18:30:00;Strada Urbana;VIA OTTAVIO GASPARRI;da specificare;;;;altezza Via Giulia di Colloredo;Scontro laterale fra veicoli in marcia;Rettilineo;Due carreggiate;Asciutto;Asfaltata;Verticale ed orizzontale;Sereno;Normale;Buona;Sufficiente;0;0;0;3;12.4419;41.8782;-1;1;Autovettura privata;In marcia / fermata / arresto;Passeggero;F;Illeso;0;;Non accertato;Inesploso
4270211;16;11/03/2019 18:30:00;Strada Urbana;VIA OTTAVIO GASPARRI;da specificare;;;;altezza Via Giulia di Colloredo;Scontro laterale fra veicoli in marcia;Rettilineo;Due carreggiate;Asciutto;Asfaltata;Verticale ed orizzontale;Sereno;Normale;Buona;Sufficiente;0;0;0;3;12.4419;41.8782;-1;2;Autovettura privata;In marcia / fermata / arresto;Conducente;F;Illeso;0;;Non accertato;Inesploso
4270212;12;11/03/2019 13:30:00;Strada Urbana;VIA CRISTOFORO COLOMBO;da specificare;;;;altezza  EUROMA direzione OSTIA;Scontro frontale/laterale SX fra veicoli in marcia;Rettilineo;Più di due carreggiate;Asciutto;Asfaltata;Verticale ed orizzontale;Sereno;Normale;Buona;Ore Diurne;1;0;0;1;12.4121;41.786;-1;1;Autovettura privata;In marcia / fermata / arresto;Conducente;F;Rimandato;0;NON DECEDUTO;;
4270212;12;11/03/2019 13:30:00;Strada Urbana;VIA CRISTOFORO COLOMBO;da specificare;;;;altezza  EUROMA direzione OSTIA;Scontro frontale/laterale SX fra veicoli in marcia;Rettilineo;Più di due carreggiate;Asciutto;Asfaltata;Verticale ed orizzontale;Sereno;Normale;Buona;Ore Diurne;1;0;0;1;12.4121;41.786;-1;2;Autovettura privata;In marcia / fermata / arresto;Conducente;M;Illeso;0;;Utilizzato;Esploso
4270236;10;12/03/2019 15:20:00;Strada Urbana;PIAZZA DEI CONSOLI;in prossimità;;del civico n.;21;;Scontro laterale fra veicoli in marcia;Rettilineo;Una carreggiata a senso unico di marcia;Asciutto;Asfaltata;Assente;Sereno;Normale;Buona;Ore Diurne;1;0;0;2;12.5587;41.8619;-1;1;Autovettura privata;In marcia / fermata / arresto;Conducente;M;Illeso;0;;Non accertato;Inesploso
4270236;10;12/03/2019 15:20:00;Strada Urbana;PIAZZA DEI CONSOLI;in prossimità;;del civico n.;21;;Scontro laterale fra veicoli in marcia;Rettilineo;Una carreggiata a senso unico di marcia;Asciutto;Asfaltata;Assente;Sereno;Normale;Buona;Ore Diurne;1;0;0;2;12.5587;41.8619;-1;1;Autovettura privata;In marcia / fermata / arresto;Passeggero;F;Illeso;0;;Non accertato;Inesploso
4270236;10;12/03/2019 15:20:00;Strada Urbana;PIAZZA DEI CONSOLI;in prossimità;;del civico n.;21;;Scontro laterale fra veicoli in marcia;Rettilineo;Una carreggiata a senso unico di marcia;Asciutto;Asfaltata;Assente;Sereno;Normale;Buona;Ore Diurne;1;0;0;2;12.5587;41.8619;-1;2;Autovettura privata;In marcia / fermata / arresto;Conducente;F;Rifiuta cure immediate;0;NON DECEDUTO;Non accertato;Inesploso
4270265;6;12/03/2019 10:45:00;Strada Urbana;VIA DEGLI ANGELI;all'intersezione con;VIA FAUSTO PESCI;VIA FAUSTO PESCI;;;Scontro laterale fra veicoli in marcia;Incrocio;Una carreggiata a senso unico di marcia;Asciutto;Asfaltata;Verticale ed orizzontale;Sereno;Normale;Buona;Ore Diurne;0;0;0;3;12.5415;41.874;-1;1;Autocarro inferiore 35 q.;In marcia / fermata / arresto;Conducente;M;Illeso;0;;Non accertato;Inesploso
4270265;6;12/03/2019 10:45:00;Strada Urbana;VIA DEGLI ANGELI;all'intersezione con;VIA FAUSTO PESCI;VIA FAUSTO PESCI;;;Scontro laterale fra veicoli in marcia;Incrocio;Una carreggiata a senso unico di marcia;Asciutto;Asfaltata;Verticale ed orizzontale;Sereno;Normale;Buona;Ore Diurne;0;0;0;3;12.5415;41.874;-1;2;Autovettura privata;In marcia / fermata / arresto;Conducente;M;Illeso;0;;;
4270265;6;12/03/2019 10:45:00;Strada Urbana;VIA DEGLI ANGELI;all'intersezione con;VIA FAUSTO PESCI;VIA FAUSTO PESCI;;;Scontro laterale fra veicoli in marcia;Incrocio;Una carreggiata a senso unico di marcia;Asciutto;Asfaltata;Verticale ed orizzontale;Sereno;Normale;Buona;Ore Diurne;0;0;0;3;12.5415;41.874;-1;2;Autovettura privata;In marcia / fermata / arresto;Passeggero;M;Illeso;0;;;
4270274;18;12/03/2019 15:10:00;Strada Urbana;VIA GATTINARA;in corrispondenza;;del civico n.;88;;Scontro laterale fra veicoli in marcia;Rettilineo;Una carreggiata a doppio senso;Asciutto;Asfaltata;Assente;Sereno;Normale;Buona;Ore Diurne;0;0;0;3;12.3856;41.8952;-1;1;Autovettura privata;In marcia / fermata / arresto;Conducente;F;Illeso;0;;Non accertato;Inesploso
4270274;18;12/03/2019 15:10:00;Strada Urbana;VIA GATTINARA;in corrispondenza;;del civico n.;88;;Scontro laterale fra veicoli in marcia;Rettilineo;Una carreggiata a doppio senso;Asciutto;Asfaltata;Assente;Sereno;Normale;Buona;Ore Diurne;0;0;0;3;12.3856;41.8952;-1;1;Autovettura privata;In marcia / fermata / arresto;Passeggero;F;Illeso;0;;Non accertato;Inesploso
4270274;18;12/03/2019 15:10:00;Strada Urbana;VIA GATTINARA;in corrispondenza;;del civico n.;88;;Scontro laterale fra veicoli in marcia;Rettilineo;Una carreggiata a doppio senso;Asciutto;Asfaltata;Assente;Sereno;Normale;Buona;Ore Diurne;0;0;0;3;12.3856;41.8952;-1;2;Autovettura privata;Allontanatosi;Conducente;M;Illeso;0;;;
4270288;2;12/03/2019 14:40:00;Strada Urbana;VIALE ETIOPIA;in corrispondenza;;del civico n.;30;;Veicolo in marcia contro ostacolo accidentale;Rettilineo;Una carreggiata a senso unico di marcia;Asciutto;Asfaltata;Verticale ed orizzontale;Vento forte;Normale;Buona;Ore Diurne;0;0;0;1;12.5219;41.933;-1;1;Autovettura privata;In marcia / fermata / arresto;Conducente;M;Illeso;0;;Non accertato;Inesploso
4270369;12;11/03/2019 17:40:00;Provinciale entro l'abitato;VIA ARDEATINA;all'intersezione con;VIA DI S. FELICOLA;VIA DI S. FELICOLA;;;Tamponamento;Incrocio;Due carreggiate;Asciutto;Asfaltata;Verticale ed orizzontale;Sereno;Normale;Buona;Ore Diurne;1;0;0;1;12.5255;41.8131;-1;1;Autovettura privata;In marcia / fermata / arresto;Conducente;M;Illeso;0;;;
4270369;12;11/03/2019 17:40:00;Provinciale entro l'abitato;VIA ARDEATINA;all'intersezione con;VIA DI S. FELICOLA;VIA DI S. FELICOLA;;;Tamponamento;Incrocio;Due carreggiate;Asciutto;Asfaltata;Verticale ed orizzontale;Sereno;Normale;Buona;Ore Diurne;1;0;0;1;12.5255;41.8131;-1;2;Autovettura privata;In marcia / fermata / arresto;Conducente;F;Rimandato;0;NON DECEDUTO;Utilizzato;Inesploso
4270392;13;12/03/2019 15:40:00;Strada Urbana;VIA ROBERTO CRIPPA;in corrispondenza;;del civico n.;67;;Scontro frontale/laterale DX fra veicoli in marcia;Rettilineo;Una carreggiata a doppio senso;Asciutto;Asfaltata;Verticale ed orizzontale;Sereno;Normale;Buona;Ore Diurne;0;0;0;4;12.3436;41.776;-1;1;Autovettura privata;In marcia / fermata / arresto;Conducente;M;Illeso;0;;Non accertato;Inesploso
4270392;13;12/03/2019 15:40:00;Strada Urbana;VIA ROBERTO CRIPPA;in corrispondenza;;del civico n.;67;;Scontro frontale/laterale DX fra veicoli in marcia;Rettilineo;Una carreggiata a doppio senso;Asciutto;Asfaltata;Verticale ed orizzontale;Sereno;Normale;Buona;Ore Diurne;0;0;0;4;12.3436;41.776;-1;2;Autovettura privata;In marcia / fermata / arresto;Conducente;M;Illeso;0;;Non accertato;Inesploso
4270392;13;12/03/2019 15:40:00;Strada Urbana;VIA ROBERTO CRIPPA;in corrispondenza;;del civico n.;67;;Scontro frontale/laterale DX fra veicoli in marcia;Rettilineo;Una carreggiata a doppio senso;Asciutto;Asfaltata;Verticale ed orizzontale;Sereno;Normale;Buona;Ore Diurne;0;0;0;4;12.3436;41.776;-1;2;Autovettura privata;In marcia / fermata / arresto;Passeggero;F;Illeso;0;;Non accertato;Inesploso
4270392;13;12/03/2019 15:40:00;Strada Urbana;VIA ROBERTO CRIPPA;in corrispondenza;;del civico n.;67;;Scontro frontale/laterale DX fra veicoli in marcia;Rettilineo;Una carreggiata a doppio senso;Asciutto;Asfaltata;Verticale ed orizzontale;Sereno;Normale;Buona;Ore Diurne;0;0;0;4;12.3436;41.776;-1;2;Autovettura privata;In marcia / fermata / arresto;Passeggero;M;Illeso;0;;Non accertato;Inesploso
4270477;12;12/03/2019 10:30:00;Strada Urbana;VIA DELLA CECCHIGNOLA;in prossimità;;del civico n.;245;;Veicolo in marcia contro veicolo in sosta;Rettilineo;Una carreggiata a senso unico alternato;Asciutto;Sterrata;Assente;Sereno;Scarso;Buona;Ore Diurne;0;0;0;1;12.5076;41.805;-1;1;Autovettura privata;Sosta;;;;;;;
4270477;12;12/03/2019 10:30:00;Strada Urbana;VIA DELLA CECCHIGNOLA;in prossimità;;del civico n.;245;;Veicolo in marcia contro veicolo in sosta;Rettilineo;Una carreggiata a senso unico alternato;Asciutto;Sterrata;Assente;Sereno;Scarso;Buona;Ore Diurne;0;0;0;1;12.5076;41.805;-1;2;Autovettura privata;In marcia / fermata / arresto;Conducente;M;Illeso;0;;;
4270518;13;12/03/2019 17:30:00;Strada Urbana;VIA DI CASTEL FUSANO;all'intersezione con;VIA DEL FOSSO DI DRAGONCELLO;VIA DEL FOSSO DI DRAGONCELLO;;;Scontro frontale/laterale DX fra veicoli in marcia;Incrocio;Una carreggiata a doppio senso;Asciutto;Asfaltata;Verticale ed orizzontale;Sereno;Normale;Buona;Ore Diurne;1;0;0;1;12.3119;41.746;-1;1;Autovettura privata;In marcia / fermata / arresto;Conducente;M;Illeso;0;;;
4270518;13;12/03/2019 17:30:00;Strada Urbana;VIA DI CASTEL FUSANO;all'intersezione con;VIA DEL FOSSO DI DRAGONCELLO;VIA DEL FOSSO DI DRAGONCELLO;;;Scontro frontale/laterale DX fra veicoli in marcia;Incrocio;Una carreggiata a doppio senso;Asciutto;Asfaltata;Verticale ed orizzontale;Sereno;Normale;Buona;Ore Diurne;1;0;0;1;12.3119;41.746;-1;2;Autovettura privata;In marcia / fermata / arresto;Conducente;M;Rimandato;0;NON DECEDUTO;;
4270531;9;12/03/2019 13:05:00;;VIA CALTAGIRONE;in prossimità;;del civico n.;8;;Scontro laterale fra veicoli in marcia;;;;;;;;;;0;0;0;2;12.5186;41.8873;0;1;Autovettura privata;In marcia / fermata / arresto;Conducente;M;Illeso;0;;Non accertato;Inesploso
4270531;9;12/03/2019 13:05:00;;VIA CALTAGIRONE;in prossimità;;del civico n.;8;;Scontro laterale fra veicoli in marcia;;;;;;;;;;0;0;0;2;12.5186;41.8873;0;2;Autovettura privata;In marcia / fermata / arresto;Conducente;M;Illeso;0;;Non accertato;Inesploso
4270532;3;11/03/2019 00:35:00;Strada Urbana;VIALE CASTRO PRETORIO;da specificare;;;;prossimità 141;Scontro laterale fra veicoli in marcia;Rettilineo;Una carreggiata a senso unico di marcia;Asciutto;Asfaltata;Assente;Grandine in atto;Intenso;Sufficiente;Ore Diurne;0;0;0;3;12.5048;41.9079;-1;1;Autovettura privata;In marcia / fermata / arresto;Conducente;M;Illeso;0;;Non accertato;Inesploso
4270532;3;11/03/2019 00:35:00;Strada Urbana;VIALE CASTRO PRETORIO;da specificare;;;;prossimità 141;Scontro laterale fra veicoli in marcia;Rettilineo;Una carreggiata a senso unico di marcia;Asciutto;Asfaltata;Assente;Grandine in atto;Intenso;Sufficiente;Ore Diurne;0;0;0;3;12.5048;41.9079;-1;1;Autovettura privata;In marcia / fermata / arresto;Passeggero;F;Illeso;0;;;Inesploso
4270532;3;11/03/2019 00:35:00;Strada Urbana;VIALE CASTRO PRETORIO;da specificare;;;;prossimità 141;Scontro laterale fra veicoli in marcia;Rettilineo;Una carreggiata a senso unico di marcia;Asciutto;Asfaltata;Assente;Grandine in atto;Intenso;Sufficiente;Ore Diurne;0;0;0;3;12.5048;41.9079;-1;2;Autovettura privata;In marcia / fermata / arresto;Conducente;F;Illeso;0;;Non accertato;Inesploso
4270537;9;12/03/2019 12:50:00;Strada Urbana;VIALE CASTRENSE;da specificare;;;;fronte VIA ACIREALE;Tamponamento Multiplo;Rettilineo;Due carreggiate;Asciutto;Asfaltata;Orizzontale;Sereno;Normale;Buona;Ore Diurne;1;0;0;4;12.5151;41.8872;-1;1;Autovettura privata;In marcia / fermata / arresto;Conducente;M;Illeso;0;;Non accertato;Inesploso
4270537;9;12/03/2019 12:50:00;Strada Urbana;VIALE CASTRENSE;da specificare;;;;fronte VIA ACIREALE;Tamponamento Multiplo;Rettilineo;Due carreggiate;Asciutto;Asfaltata;Orizzontale;Sereno;Normale;Buona;Ore Diurne;1;0;0;4;12.5151;41.8872;-1;2;Autovettura privata;In marcia / fermata / arresto;Conducente;M;Illeso;0;;Non accertato;Inesploso