Protocollo;Gruppo;DataOraIncidente;Localizzazione1;STRADA1;Localizzazione2;STRADA2;Strada02;Chilometrica;DaSpecificare;NaturaIncidente;particolaritastrade;TipoStrada;FondoStradale;Pavimentazione;Segnaletica;CondizioneAtmosferica;Traffico;Visibilita;Illuminazione;NUM_FERITI;NUM_RISERVATA;NUM_MORTI;NUM_ILLESI;Longitudine;Latitudine;Confermato;Progressivo;TipoVeicolo;StatoVeicolo;TipoPersona;Sesso;Tipolesione;Deceduto;DecedutoDopo;CinturaCascoUtilizzato;Airbag;
4283512;1;20/03/2019 08:30:00;Strada Urbana;PIAZZA DI PORTA CAPENA;da specificare;;;;direzione Via dei Cerchi;Scontro laterale fra veicoli in marcia;Curva a visuale libera;Una carreggiata a senso unico di marcia;Asciutto;Asfaltata;Verticale ed orizzontale;Sereno;Normale;Buona;Ore Diurne;0;0;0;2;12.4895;41.8842;-1;2;Autovettura privata;In marcia / fermata / arresto;Conducente;F;Illeso;0;;;
4283528;17;20/03/2019 08:30:00;Strada Urbana;VIALE ANGELICO;all'intersezione semaforizzata con;VIA SABOTINO;VIA SABOTINO;;;Scontro frontale/laterale SX fra veicoli in marcia;Intersezione semaforizzata;Più di due carreggiate;Asciutto;Asfaltata;Verticale ed orizzontale;Sereno;Normale;Buona;Ore Diurne;0;0;0;2;12.4586;41.9172;-1;1;Autovettura privata;In marcia / fermata / arresto;Conducente;F;Illeso;0;;;
4283528;17;20/03/2019 08:30:00;Strada Urbana;VIALE ANGELICO;all'intersezione semaforizzata con;VIA SABOTINO;VIA SABOTINO;;;Scontro frontale/laterale SX fra veicoli in marcia;Intersezione semaforizzata;Più di due carreggiate;Asciutto;Asfaltata;Verticale ed orizzontale;Sereno;Normale;Buona;Ore Diurne;0;0;0;2;12.4586;41.9172;-1;2;Autovettura privata;In marcia / fermata / arresto;Conducente;F;Illeso;0;;;
4283558;3;19/03/2019 11:50:00;Strada Urbana;VIALE REGINA MARGHERITA;all'intersezione semaforizzata con;VIA NOMENTANA;VIA NOMENTANA;;;Infortunio per sola frenata improvvisa;Intersezione semaforizzata;Più di due carreggiate;Asciutto;Asfaltata;Verticale ed orizzontale;Sereno;Normale;Buona;Ore Diurne;1;0;0;1;12.5067;41.9129;-1;1;Motociclo a solo;In marcia / fermata / arresto;Conducente;M;Rimandato;0;NON DECEDUTO;Non accertato;
4283558;3;19/03/2019 11:50:00;Strada Urbana;VIALE REGINA MARGHERITA;all'intersezione semaforizzata con;VIA NOMENTANA;VIA NOMENTANA;;;Infortunio per sola frenata improvvisa;Intersezione semaforizzata;Più di due carreggiate;Asciutto;Asfaltata;Verticale ed orizzontale;Sereno;Normale;Buona;Ore Diurne;1;0;0;1;12.5067;41.9129;-1;2;Autocarro inferiore 35 q.;In marcia / fermata / arresto;Conducente;M;Illeso;0;;Non accertato;Inesploso
4283582;18;19/03/2019 08:40:00;Strada Urbana;VIA SORISO;in prossimità;;del civico n.;4;;Scontro laterale fra veicoli in marcia;Rettilineo;Una carreggiata a doppio senso;Asciutto;Asfaltata;Verticale ed orizzontale;Sereno;Scarso;Buona;Ore Diurne;0;0;0;2;12.41;41.9036;-1;1;Autovettura privata;In marcia / fermata / arresto;Conducente;M;Illeso;0;;;
4283582;18;19/03/2019 08:40:00;Strada Urbana;VIA SORISO;in prossimità;;del civico n.;4;;Scontro laterale fra veicoli in marcia;Rettilineo;Una carreggiata a doppio senso;Asciutto;Asfaltata;Verticale ed orizzontale;Sereno;Scarso;Buona;Ore Diurne;0;0;0;2;12.41;41.9036;-1;2;Autovettura privata;In marcia / fermata / arresto;Conducente;M;Illeso;0;;;
4283597;13;20/03/2019 09:50:00;Strada Urbana;VIA DELLE VELE;all'intersezione con;PIAZZALE DELLA STAZIONE DEL LIDO;PIAZZALE DELLA STAZIONE DEL LIDO;;;Tamponamento;Incrocio;Una carreggiata a senso unico di marcia;Asciutto;Asfaltata;Verticale ed orizzontale;Nuvoloso;Normale;Buona;Ore Diurne;0;0;0;2;12.2839;41.7322;-1;1;Autovettura privata;In marcia / fermata / arresto;Conducente;M;Illeso;0;;Non accertato;Inesploso
4283597;13;20/03/2019 09:50:00;Strada Urbana;VIA DELLE VELE;all'intersezione con;PIAZZALE DELLA STAZIONE DEL LIDO;PIAZZALE DELLA STAZIONE DEL LIDO;;;Tamponamento;Incrocio;Una carreggiata a senso unico di marcia;Asciutto;Asfaltata;Verticale ed orizzontale;Nuvoloso;Normale;Buona;Ore Diurne;0;0;0;2;12.2839;41.7322;-1;2;Autovettura privata;In marcia / fermata / arresto;Conducente;M;Illeso;0;;Non accertato;Inesploso
4283655;16;19/03/2019 23:00:00;Strada Urbana;VIA DI BRAVETTA;in corrispondenza;;del civico n.;664;;Scontro frontale/laterale SX fra veicoli in marcia;Rettilineo;Una carreggiata a doppio senso;Asciutto;Asfaltata;Verticale ed orizzontale;Sereno;Scarso;Buona;Sufficiente;1;0;0;1;12.4223;41.8699;-1;1;Autovettura privata;In marcia / fermata / arresto;Conducente;M;Illeso;0;;Non accertato;Inesploso
4283655;16;19/03/2019 23:00:00;Strada Urbana;VIA DI BRAVETTA;in corrispondenza;;del civico n.;664;;Scontro frontale/laterale SX fra veicoli in marcia;Rettilineo;Una carreggiata a doppio senso;Asciutto;Asfaltata;Verticale ed orizzontale;Sereno;Scarso;Buona;Sufficiente;1;0;0;1;12.4223;41.8699;-1;2;Motociclo a solo;In marcia / fermata / arresto;Conducente;M;Rimandato;0;NON DECEDUTO;Non accertato;
4283709;1;19/03/2019 15:45:00;Strada Urbana;CORSO VITTORIO EMANUELE II;in corrispondenza;;del civico n.;20;;Tamponamento;Rettilineo;Una carreggiata a doppio senso;Asciutto;Asfaltata;Verticale ed orizzontale;Nuvoloso;Normale;Buona;Ore Diurne;1;0;0;1;12.4783;41.8959;-1;1;Autovettura privata;In marcia / fermata / arresto;Conducente;M;Illeso;0;;Non accertato;
4283709;1;19/03/2019 15:45:00;Strada Urbana;CORSO VITTORIO EMANUELE II;in corrispondenza;;del civico n.;20;;Tamponamento;Rettilineo;Una carreggiata a doppio senso;Asciutto;Asfaltata;Verticale ed orizzontale;Nuvoloso;Normale;Buona;Ore Diurne;1;0;0;1;12.4783;41.8959;-1;2;Motociclo a solo;In marcia / fermata / arresto;Conducente;M;Rimandato;0;NON DECEDUTO;;
4283778;1;19/03/2019 12:50:00;Strada Urbana;VIA EMANUELE FILIBERTO;all'intersezione semaforizzata con;VIA SAN QUINTINO;VIA SAN QUINTINO;;;Scontro laterale fra veicoli in marcia;Incrocio;Due carreggiate;Asciutto;Asfaltata;Assente;Sereno;Normale;Buona;Ore Diurne;0;0;0;2;12.5068;41.8903;-1;1;Autovettura privata;In marcia / fermata / arresto;Conducente;M;Illeso;0;;Non accertato;Inesploso
4283778;1;19/03/2019 12:50:00;Strada Urbana;VIA EMANUELE FILIBERTO;all'intersezione semaforizzata con;VIA SAN QUINTINO;VIA SAN QUINTINO;;;Scontro laterale fra veicoli in marcia;Incrocio;Due carreggiate;Asciutto;Asfaltata;Assente;Sereno;Normale;Buona;Ore Diurne;0;0;0;2;12.5068;41.8903;-1;2;Autobus turistico;In marcia / fermata / arresto;Conducente;M;Illeso;0;;Non accertato;Inesploso
4283814;15;20/03/2019 08:25:00;Strada Urbana;VIA DELLA MAGLIANA;da specificare;;;;prossimità fronte civico 136;Scontro frontale fra veicoli in marcia;Rettilineo;Una carreggiata a doppio senso;Asciutto;Asfaltata;Verticale ed orizzontale;Nuvoloso;Normale;Buona;Ore Diurne;1;0;0;1;12.4196;41.8317;-1;1;Autovettura privata;In marcia / fermata / arresto;Conducente;M;Illeso;0;;Utilizzato;Inesploso
4283814;15;20/03/2019 08:25:00;Strada Urbana;VIA DELLA MAGLIANA;da specificare;;;;prossimità fronte civico 136;Scontro frontale fra veicoli in marcia;Rettilineo;Una carreggiata a doppio senso;Asciutto;Asfaltata;Verticale ed orizzontale;Nuvoloso;Normale;Buona;Ore Diurne;1;0;0;1;12.4196;41.8317;-1;2;Motociclo a solo;In marcia / fermata / arresto;Conducente;M;Rimandato;0;NON DECEDUTO;Utilizzato;
4283840;18;20/03/2019 12:35:00;Strada Urbana;VIA LUCIO II;all'intersezione con;VIA CARDINALE MASSIMI;VIA CARDINALE MASSIMI;;;Scontro frontale/laterale DX fra veicoli in marcia;Intersezione stradale segnalata;Una carreggiata a doppio senso;Asciutto;Asfaltata;Verticale ed orizzontale;Sereno;Normale;Buona;Ore Diurne;0;0;0;6;12.4206;41.9076;-1;1;Autovettura privata;In marcia / fermata / arresto;Conducente;M;Illeso;0;;;
4283840;18;20/03/2019 12:35:00;Strada Urbana;VIA LUCIO II;all'intersezione con;VIA CARDINALE MASSIMI;VIA CARDINALE MASSIMI;;;Scontro frontale/laterale DX fra veicoli in marcia;Intersezione stradale segnalata;Una carreggiata a doppio senso;Asciutto;Asfaltata;Verticale ed orizzontale;Sereno;Normale;Buona;Ore Diurne;0;0;0;6;12.4206;41.9076;-1;1;Autovettura privata;In marcia / fermata / arresto;Passeggero;M;Illeso;0;;;
4283840;18;20/03/2019 12:35:00;Strada Urbana;VIA LUCIO II;all'intersezione con;VIA CARDINALE MASSIMI;VIA CARDINALE MASSIMI;;;Scontro frontale/laterale DX fra veicoli in marcia;Intersezione stradale segnalata;Una carreggiata a doppio senso;Asciutto;Asfaltata;Verticale ed orizzontale;Sereno;Normale;Buona;Ore Diurne;0;0;0;6;12.4206;41.9076;-1;1;Autovettura privata;In marcia / fermata / arresto;Passeggero;M;Illeso;0;;;
4283840;18;20/03/2019 12:35:00;Strada Urbana;VIA LUCIO II;all'intersezione con;VIA CARDINALE MASSIMI;VIA CARDINALE MASSIMI;;;Scontro frontale/laterale DX fra veicoli in marcia;Intersezione stradale segnalata;Una carreggiata a doppio senso;Asciutto;Asfaltata;Verticale ed orizzontale;Sereno;Normale;Buona;Ore Diurne;0;0;0;6;12.4206;41.9076;-1;2;Autovettura privata;In marcia / fermata / arresto;Conducente;F;Illeso;0;;;
4283840;18;20/03/2019 12:35:00;Strada Urbana;VIA LUCIO II;all'intersezione con;VIA CARDINALE MASSIMI;VIA CARDINALE MASSIMI;;;Scontro frontale/laterale DX fra veicoli in marcia;Intersezione stradale segnalata;Una carreggiata a doppio senso;Asciutto;Asfaltata;Verticale ed orizzontale;Sereno;Normale;Buona;Ore Diurne;0;0;0;6;12.4206;41.9076;-1;2;Autovettura privata;In marcia / fermata / arresto;Passeggero;M;Illeso;0;;;
4283840;18;20/03/2019 12:35:00;Strada Urbana;VIA LUCIO II;all'intersezione con;VIA CARDINALE MASSIMI;VIA CARDINALE MASSIMI;;;Scontro frontale/laterale DX fra veicoli in marcia;Intersezione stradale segnalata;Una carreggiata a doppio senso;Asciutto;Asfaltata;Verticale ed orizzontale;Sereno;Normale;Buona;Ore Diurne;0;0;0;6;12.4206;41.9076;-1;2;Autovettura privata;In marcia / fermata / arresto;Passeggero;M;Illeso;0;;;
4283894;17;20/03/2019 12:15:00;Strada Urbana;PIAZZA DEI TRIBUNALI;all'intersezione semaforizzata con;PONTE UMBERTO I;PONTE UMBERTO I;;;Scontro frontale fra veicoli in marcia;Intersezione semaforizzata;Una carreggiata a senso unico di marcia;Asciutto;Asfaltata;Verticale ed orizzontale;Nebbia;Normale;Buona;Ore Diurne;0;0;0;2;12.4709;41.9032;0;1;Altro;In marcia / fermata / arresto;Conducente;M;Illeso;0;;;
4283894;17;20/03/2019 12:15:00;Strada Urbana;PIAZZA DEI TRIBUNALI;all'intersezione semaforizzata con;PONTE UMBERTO I;PONTE UMBERTO I;;;Scontro frontale fra veicoli in marcia;Intersezione semaforizzata;Una carreggiata a senso unico di marcia;Asciutto;Asfaltata;Verticale ed orizzontale;Nebbia;Normale;Buona;Ore Diurne;0;0;0;2;12.4709;41.9032;0;2;Autocarro inferiore 35 q.;In marcia / fermata / arresto;Conducente;M;Illeso;0;;;
4283912;1;19/03/2019 10:40:00;Strada Urbana;VIA GIOVANNI GIOLITTI;in corrispondenza;;del civico n.;413;;Veicolo in marcia contro veicolo in sosta;Rettilineo;Due carreggiate;Asciutto;Asfaltata;Verticale ed orizzontale;Nuvoloso;Scarso;Buona;Ore Diurne;0;0;0;1;12.5119;41.8935;-1;1;Altro;In marcia / fermata / arresto;Conducente;M;Illeso;0;;Non accertato;Inesistente
4283912;1;19/03/2019 10:40:00;Strada Urbana;VIA GIOVANNI GIOLITTI;in corrispondenza;;del civico n.;413;;Veicolo in marcia contro veicolo in sosta;Rettilineo;Due carreggiate;Asciutto;Asfaltata;Verticale ed orizzontale;Nuvoloso;Scarso;Buona;Ore Diurne;0;0;0;1;12.5119;41.8935;-1;2;Autocarro inferiore 35 q.;Sosta;;;;;;;
4283923;12;20/03/2019 14:45:00;Strada Urbana;VIA ELIO VITTORINI;in prossimità;;del civico n.;23;;Veicolo in marcia contro veicoli in sosta;Curva a visuale libera;Una carreggiata a doppio senso;Asciutto;Asfaltata;Assente;Nuvoloso;Scarso;Buona;Ore Diurne;0;0;0;1;12.4693;41.8193;-1;1;Autovettura privata;In marcia / fermata / arresto;Conducente;F;Illeso;0;;Non accertato;Inesploso
4283923;12;20/03/2019 14:45:00;Strada Urbana;VIA ELIO VITTORINI;in prossimità;;del civico n.;23;;Veicolo in marcia contro veicoli in sosta;Curva a visuale libera;Una carreggiata a doppio senso;Asciutto;Asfaltata;Assente;Nuvoloso;Scarso;Buona;Ore Diurne;0;0;0;1;12.4693;41.8193;-1;2;Autovettura privata;Sosta;;;;;;;
4283932;10;20/03/2019 14:45:00;Strada Urbana;VIALE ANTONIO CIAMARRA;in corrispondenza;;del civico n.;215;;Tamponamento;Rettilineo;Una carreggiata a senso unico di marcia;Asciutto;Asfaltata;Verticale ed orizzontale;Nuvoloso;Normale;Buona;Ore Diurne;0;0;0;3;12.5899;41.8539;-1;1;Autovettura privata;In marcia / fermata / arresto;Conducente;F;Illeso;0;;Non accertato;Inesploso
4283932;10;20/03/2019 14:45:00;Strada Urbana;VIALE ANTONIO CIAMARRA;in corrispondenza;;del civico n.;215;;Tamponamento;Rettilineo;Una carreggiata a senso unico di marcia;Asciutto;Asfaltata;Verticale ed orizzontale;Nuvoloso;Normale;Buona;Ore Diurne;0;0;0;3;12.5899;41.8539;-1;2;Autovettura privata;In marcia / fermata / arresto;Conducente;F;Illeso;0;;Non accertato;Inesploso
4283932;10;20/03/2019 14:45:00;Strada Urbana;VIALE ANTONIO CIAMARRA;in corrispondenza;;del civico n.;215;;Tamponamento;Rettilineo;Una carreggiata a senso unico di marcia;Asciutto;Asfaltata;Verticale ed orizzontale;Nuvoloso;Normale;Buona;Ore Diurne;0;0;0;3;12.5899;41.8539;-1;2;Autovettura privata;In marcia / fermata / arresto;Passeggero;M;Illeso;0;;Non accertato;Inesploso
4283953;1;19/03/2019 17:45:00;Strada Urbana;PIAZZALE NUMA POMPILIO;da specificare;;;;snc;Tamponamento;Rettilineo;Una carreggiata a doppio senso;Asciutto;Asfaltata;Verticale ed orizzontale;Sereno;Intenso;Buona;Ore Diurne;0;0;0;2;12.4957;41.8796;-1;1;Autovettura privata;In marcia / fermata / arresto;Conducente;M;Illeso;0;;Non accertato;
4283953;1;19/03/2019 17:45:00;Strada Urbana;PIAZZALE NUMA POMPILIO;da specificare;;;;snc;Tamponamento;Rettilineo;Una carreggiata a doppio senso;Asciutto;Asfaltata;Verticale ed orizzontale;Sereno;Intenso;Buona;Ore Diurne;0;0;0;2;12.4957;41.8796;-1;2;Autovettura privata;In marcia / fermata / arresto;Conducente;M;Illeso;0;;Non accertato;Inesploso
4283990;1;15/03/2019 11:45:00;Strada Urbana;CORSO DEL RINASCIMENTO;in corrispondenza;;del civico n.;29;;Investimento di pedone;Rettilineo;Una carreggiata a doppio senso;Asciutto;Acciotolata;Verticale ed orizzontale;Sereno;Normale;Buona;Ore Diurne;1;0;0;1;12.474;41.8984;-1;;;;Pedone;F;Rimandato;0;NON DECEDUTO;;
4283990;1;15/03/2019 11:45:00;Strada Urbana;CORSO DEL RINASCIMENTO;in corrispondenza;;del civico n.;29;;Investimento di pedone;Rettilineo;Una carreggiata a doppio senso;Asciutto;Acciotolata;Verticale ed orizzontale;Sereno;Normale;Buona;Ore Diurne;1;0;0;1;12.474;41.8984;-1;1;Autovettura privata;In marcia / fermata / arresto;Conducente;F;Illeso;0;;Utilizzato;Inesploso
4283999;1;17/03/2019 11:30:00;Strada Urbana;VIA ANGELO BRUNETTI;all'intersezione con;VIA DEL CORSO;VIA DEL CORSO;;;Infortunio per caduta del veicolo;Incrocio;Una carreggiata a senso unico di marcia;Asciutto;Asfaltata;Verticale;Sereno;Scarso;Buona;Ore Diurne;0;0;0;2;12.477;41.9091;-1;1;Autovettura pubblica;In marcia / fermata / arresto;Conducente;M;Illeso;0;;Non accertato;Inesploso
4283999;1;17/03/2019 11:30:00;Strada Urbana;VIA ANGELO BRUNETTI;all'intersezione con;VIA DEL CORSO;VIA DEL CORSO;;;Infortunio per caduta del veicolo;Incrocio;Una carreggiata a senso unico di marcia;Asciutto;Asfaltata;Verticale;Sereno;Scarso;Buona;Ore Diurne;0;0;0;2;12.477;41.9091;-1;1;Autovettura pubblica;In marcia / fermata / arresto;Passeggero;F;Illeso;0;;;
4284013;1;19/03/2019 13:40:00;Strada Urbana;VIA MARMORATA;in prossimità;;del civico n.;13;;Scontro frontale/laterale SX fra veicoli in marcia;Rettilineo;Una carreggiata a doppio senso;Asciutto;Asfaltata;Verticale ed orizzontale;Nuvoloso;Normale;Buona;Ore Diurne;1;0;0;2;12.4792;41.8788;-1;1;Autovettura privata;In marcia / fermata / arresto;Conducente;M;Illeso;0;;Non accertato;Inesploso
4284013;1;19/03/2019 13:40:00;Strada Urbana;VIA MARMORATA;in prossimità;;del civico n.;13;;Scontro frontale/laterale SX fra veicoli in marcia;Rettilineo;Una carreggiata a doppio senso;Asciutto;Asfaltata;Verticale ed orizzontale;Nuvoloso;Normale;Buona;Ore Diurne;1;0;0;2;12.4792;41.8788;-1;1;Autovettura privata;In marcia / fermata / arresto;Passeggero;F;Illeso;0;;Non accertato;Inesploso
4284013;1;19/03/2019 13:40:00;Strada Urbana;VIA MARMORATA;in prossimità;;del civico n.;13;;Scontro frontale/laterale SX fra veicoli in marcia;Rettilineo;Una carreggiata a doppio senso;Asciutto;Asfaltata;Verticale ed orizzontale;Nuvoloso;Normale;Buona;Ore Diurne;1;0;0;2;12.4792;41.8788;-1;2;Motociclo a solo;In marcia / fermata / arresto;Conducente;M;Rimandato;0;NON DECEDUTO;;
4284041;9;13/03/2019 08:30:00;;VIA ENEA;in corrispondenza;;del civico n.;15;;Ribaltamento senza urto contro ostacolo fisso;;;;;;;;;;0;0;0;0;12.5259;41.8732;0;1;Autocarro superiore 35 q.;Allontanatosi;;;;;;;
4284041;9;13/03/2019 08:30:00;;VIA ENEA;in corrispondenza;;del civico n.;15;;Ribaltamento senza urto contro ostacolo fisso;;;;;;;;;;0;0;0;0;12.5259;41.8732;0;2;Autovettura privata;Sosta;;;;;;;
4284085;13;20/03/2019 15:40:00;Strada Urbana;VIA IBICO;all'intersezione con;VIA LISIPPO;VIA LISIPPO;;;Scontro frontale/laterale DX fra veicoli in marcia;Incrocio;Una carreggiata a doppio senso;Asciutto;Asfaltata;Orizzontale;Sereno;Normale;Buona;Ore Diurne;0;0;0;2;12.37;41.7652;-1;1;Autocarro inferiore 35 q.;In marcia / fermata / arresto;Conducente;M;Illeso;0;;Non accertato;Inesploso
4284085;13;20/03/2019 15:40:00;Strada Urbana;VIA IBICO;all'intersezione con;VIA LISIPPO;VIA LISIPPO;;;Scontro frontale/laterale DX fra veicoli in marcia;Incrocio;Una carreggiata a doppio senso;Asciutto;Asfaltata;Orizzontale;Sereno;Normale;Buona;Ore Diurne;0;0;0;2;12.37;41.7652;-1;2;Autovettura privata;In marcia / fermata / arresto;Conducente;F;Illeso;0;;Non accertato;Inesploso
4284187;10;20/03/2019 15:30:00;Strada Urbana;VIA LUCIO SESTIO;all'intersezione con;VIA FABRIZIO LUSCINO;VIA FABRIZIO LUSCINO;;;Scontro frontale/laterale SX fra veicoli in marcia;Incrocio;Una carreggiata a senso unico di marcia;Asciutto;Asfaltata;Verticale ed orizzontale;Sereno;Normale;Buona;Ore Diurne;3;0;0;1;12.5542;41.8568;-1;1;Motociclo con passeggero;In marcia / fermata / arresto;Conducente;M;Rimandato;0;NON DECEDUTO;Non accertato;
4284187;10;20/03/2019 15:30:00;Strada Urbana;VIA LUCIO SESTIO;all'intersezione con;VIA FABRIZIO LUSCINO;VIA FABRIZIO LUSCINO;;;Scontro frontale/laterale SX fra veicoli in marcia;Incrocio;Una carreggiata a senso unico di marcia;Asciutto;Asfaltata;Verticale ed orizzontale;Sereno;Normale;Buona;Ore Diurne;3;0;0;1;12.5542;41.8568;-1;1;Motociclo con passeggero;In marcia / fermata / arresto;Passeggero;M;Rimandato;0;NON DECEDUTO;Non accertato;
4284187;10;20/03/2019 15:30:00;Strada Urbana;VIA LUCIO SESTIO;all'intersezione con;VIA FABRIZIO LUSCINO;VIA FABRIZIO LUSCINO;;;Scontro frontale/laterale SX fra veicoli in marcia;Incrocio;Una carreggiata a senso unico di marcia;Asciutto;Asfaltata;Verticale ed orizzontale;Sereno;Normale;Buona;Ore Diurne;3;0;0;1;12.5542;41.8568;-1;2;Autovettura privata;In marcia / fermata / arresto;Conducente;M;Illeso;0;;Non accertato;Inesploso
4284187;10;20/03/2019 15:30:00;Strada Urbana;VIA LUCIO SESTIO;all'intersezione con;VIA FABRIZIO LUSCINO;VIA FABRIZIO LUSCINO;;;Scontro frontale/laterale SX fra veicoli in marcia;Incrocio;Una carreggiata a senso unico di marcia;Asciutto;Asfaltata;Verticale ed orizzontale;Sereno;Normale;Buona;Ore Diurne;3;0;0;1;12.5542;41.8568;-1;2;Autovettura privata;In marcia / fermata / arresto;Passeggero;F;Rimandato;0;NON DECEDUTO;Non accertato;Inesploso
4284269;2;20/03/2019 15:50:00;Strada Urbana;VIA PO;in corrispondenza;;del civico n.;48f;;Tamponamento;Rettilineo;Una carreggiata a doppio senso;Asciutto;Asfaltata;Verticale ed orizzontale;Sereno;Normale;Buona;Ore Diurne;0;0;0;2;12.4966;41.9155;-1;1;Autovettura pubblica;In marcia / fermata / arresto;Conducente;M;Illeso;0;;Non accertato;Inesploso
4284269;2;20/03/2019 15:50:00;Strada Urbana;VIA PO;in corrispondenza;;del civico n.;48f;;Tamponamento;Rettilineo;Una carreggiata a doppio senso;Asciutto;Asfaltata;Verticale ed orizzontale;Sereno;Normale;Buona;Ore Diurne;0;0;0;2;12.4966;41.9155;-1;2;Autovettura pubblica;In marcia / fermata / arresto;Conducente;M;Illeso;0;;Non accertato;Inesploso
4284307;23;15/03/2019 18:32:00;Provinciale;VIA DI CASAL BIANCO;in prossimità;;del palo luce n.;44;;Veicolo in marcia contro ostacolo accidentale;Rettilineo;Una carreggiata a doppio senso;Asciutto;Con buche;Verticale ed orizzontale;Sereno;Normale;Insufficiente;Inesistente;0;0;0;1;12.6673;41.962;-1;1;Autovettura privata;In marcia / fermata / arresto;Conducente;M;Illeso;0;;Non accertato;Inesploso
4284311;3;20/03/2019 15:50:00;Strada Urbana;VIA PAVIA;da specificare;;;;in prossimitò vias Catania;Scontro frontale/laterale DX fra veicoli in marcia;Rettilineo;Una carreggiata a senso unico di marcia;Asciutto;Asfaltata;Verticale ed orizzontale;Nuvoloso;Scarso;Buona;Ore Diurne;0;0;0;3;12.5177;41.9084;-1;1;Autovettura privata;In marcia / fermata / arresto;Conducente;F;Illeso;0;;;
4284311;3;20/03/2019 15:50:00;Strada Urbana;VIA PAVIA;da specificare;;;;in prossimitò vias Catania;Scontro frontale/laterale DX fra veicoli in marcia;Rettilineo;Una carreggiata a senso unico di marcia;Asciutto;Asfaltata;Verticale ed orizzontale;Nuvoloso;Scarso;Buona;Ore Diurne;0;0;0;3;12.5177;41.9084;-1;1;Autovettura privata;In marcia / fermata / arresto;Passeggero;F;Illeso;0;;;
4284311;3;20/03/2019 15:50:00;Strada Urbana;VIA PAVIA;da specificare;;;;in prossimitò vias Catania;Scontro frontale/laterale DX fra veicoli in marcia;Rettilineo;Una carreggiata a senso unico di marcia;Asciutto;Asfaltata;Verticale ed orizzontale;Nuvoloso;Scarso;Buona;Ore Diurne;0;0;0;3;12.5177;41.9084;-1;2;Autovettura privata;In marcia / fermata / arresto;Conducente;F;Illeso;0;;;
4284317;18;19/03/2019 11:00:00;Strada Urbana;VIA DEL FORTE BOCCEA;in corrispondenza;;del civico n.;51;;Veicolo in marcia contro veicolo in sosta;Rettilineo;Una carreggiata a senso unico di marcia;Asciutto;Asfaltata;Assente;Sereno;Normale;Buona;Ore Diurne;0;0;0;1;12.4201;41.905;-1;1;Autovettura privata;In marcia / fermata / arresto;Conducente;M;Illeso;0;;;
4284317;18;19/03/2019 11:00:00;Strada Urbana;VIA DEL FORTE BOCCEA;in corrispondenza;;del civico n.;51;;Veicolo in marcia contro veicolo in sosta;Rettilineo;Una carreggiata a senso unico di marcia;Asciutto;Asfaltata;Assente;Sereno;Normale;Buona;Ore Diurne;0;0;0;1;12.4201;41.905;-1;2;Autocarro inferiore 35 q.;Sosta;;;;;;;
4284331;18;19/03/2019 20:20:00;Statale;VIA AURELIA;in corrispondenza;;della chilometrica;12.3;;Scontro laterale fra veicoli in marcia;Rettilineo;Due carreggiate;Asciutto;Asfaltata;Verticale ed orizzontale;Nuvoloso;Normale;Buona;Sufficiente;0;0;0;2;10.3425;43.4653;-1;1;Autovettura privata;In marcia / fermata / arresto;Conducente;F;Illeso;0;;;
4284331;18;19/03/2019 20:20:00;Statale;VIA AURELIA;in corrispondenza;;della chilometrica;12.3;;Scontro laterale fra veicoli in marcia;Rettilineo;Due carreggiate;Asciutto;Asfaltata;Verticale ed orizzontale;Nuvoloso;Normale;Buona;Sufficiente;0;0;0;2;10.3425;43.4653;-1;2;Autovettura privata;In marcia / fermata / arresto;Conducente;M;Illeso;0;;;
4284336;18;20/03/2019 00:50:00;Strada Urbana;VIA AURELIA;in corrispondenza;;del civico n.;796;;Veicolo in marcia contro ostacolo fisso;Rettilineo;Due carreggiate;Asciutto;Asfaltata;Verticale ed orizzontale;Nuvoloso;Scarso;Buona;Sufficiente;1;0;0;0;12.4074;41.8896;-1;1;Autovettura privata;In marcia / fermata / arresto;Conducente;M;Ricoverato;0;NON DECEDUTO;;
4284338;18;20/03/2019 09:25:00;Strada Urbana;VIA CORNELIA;all'intersezione con;VIA FRANCESCO LANDI;VIA FRANCESCO LANDI;;;Investimento di pedone;Intersezione semaforizzata;Una carreggiata a doppio senso;Asciutto;Asfaltata;Verticale ed orizzontale;Sereno;Normale;Buona;Ore Diurne;1;0;0;2;12.3899;41.9007;-1;;;;Pedone;M;Ricoverato;0;NON DECEDUTO;;
4284338;18;20/03/2019 09:25:00;Strada Urbana;VIA CORNELIA;all'intersezione con;VIA FRANCESCO LANDI;VIA FRANCESCO LANDI;;;Investimento di pedone;Intersezione semaforizzata;Una carreggiata a doppio senso;Asciutto;Asfaltata;Verticale ed orizzontale;Sereno;Normale;Buona;Ore Diurne;1;0;0;2;12.3899;41.9007;-1;1;Autovettura privata;In marcia / fermata / arresto;Conducente;F;Illeso;0;;Non accertato;Inesploso