Protocollo;Gruppo;DataOraIncidente;Localizzazione1;STRADA1;Localizzazione2;STRADA2;Strada02;Chilometrica;DaSpecificare;NaturaIncidente;particolaritastrade;TipoStrada;FondoStradale;Pavimentazione;Segnaletica;CondizioneAtmosferica;Traffico;Visibilita;Illuminazione;NUM_FERITI;NUM_RISERVATA;NUM_MORTI;NUM_ILLESI;Longitudine;Latitudine;Confermato;Progressivo;TipoVeicolo;StatoVeicolo;TipoPersona;Sesso;Tipolesione;Deceduto;DecedutoDopo;CinturaCascoUtilizzato;Airbag;
4292477;12;22/03/2019 17:30:00;Strada Urbana;VIA DELLE COMETE;all'intersezione con;VIA CATERINA TROIANI;VIA CATERINA TROIANI;;;Scontro frontale/laterale SX fra veicoli in marcia;Incrocio;Una carreggiata a doppio senso;Asciutto;Asfaltata;Verticale ed orizzontale;Sereno;Normale;Buona;Ore Diurne;0;0;0;3;12.4502;41.8122;-1;1;Ciclomotore con passeggero;In marcia / fermata / arresto;Conducente;M;Illeso;0;;Utilizzato;
4292477;12;22/03/2019 17:30:00;Strada Urbana;VIA DELLE COMETE;all'intersezione con;VIA CATERINA TROIANI;VIA CATERINA TROIANI;;;Scontro frontale/laterale SX fra veicoli in marcia;Incrocio;Una carreggiata a doppio senso;Asciutto;Asfaltata;Verticale ed orizzontale;Sereno;Normale;Buona;Ore Diurne;0;0;0;3;12.4502;41.8122;-1;1;Ciclomotore con passeggero;In marcia / fermata / arresto;Passeggero;M;Illeso;0;;Utilizzato;
4292477;12;22/03/2019 17:30:00;Strada Urbana;VIA DELLE COMETE;all'intersezione con;VIA CATERINA TROIANI;VIA CATERINA TROIANI;;;Scontro frontale/laterale SX fra veicoli in marcia;Incrocio;Una carreggiata a doppio senso;Asciutto;Asfaltata;Verticale ed orizzontale;Sereno;Normale;Buona;Ore Diurne;0;0;0;3;12.4502;41.8122;-1;2;Autovettura privata;In marcia / fermata / arresto;Conducente;M;Illeso;0;;Utilizzato;Inesploso
4292482;12;23/03/2019 11:00:00;Strada Urbana;VIA PONTINA  (CARREGGIATA COMPLANARE);da specificare;;;;A MT. 50 CIRCA DA VIA MAESTRINI;Veicoli in marcia contro veicoli fermi;Rettilineo;Una carreggiata a doppio senso;Asciutto;Asfaltata;Verticale ed orizzontale;Sereno;Intenso;Buona;Ore Diurne;0;0;0;6;12.4522;41.7941;-1;1;Autovettura privata;In marcia / fermata / arresto;Conducente;M;Illeso;0;;Utilizzato;Inesploso
4292482;12;23/03/2019 11:00:00;Strada Urbana;VIA PONTINA  (CARREGGIATA COMPLANARE);da specificare;;;;A MT. 50 CIRCA DA VIA MAESTRINI;Veicoli in marcia contro veicoli fermi;Rettilineo;Una carreggiata a doppio senso;Asciutto;Asfaltata;Verticale ed orizzontale;Sereno;Intenso;Buona;Ore Diurne;0;0;0;6;12.4522;41.7941;-1;2;Autovettura privata;In marcia / fermata / arresto;Conducente;F;Illeso;0;;Utilizzato;Inesploso
4292482;12;23/03/2019 11:00:00;Strada Urbana;VIA PONTINA  (CARREGGIATA COMPLANARE);da specificare;;;;A MT. 50 CIRCA DA VIA MAESTRINI;Veicoli in marcia contro veicoli fermi;Rettilineo;Una carreggiata a doppio senso;Asciutto;Asfaltata;Verticale ed orizzontale;Sereno;Intenso;Buona;Ore Diurne;0;0;0;6;12.4522;41.7941;-1;2;Autovettura privata;In marcia / fermata / arresto;Passeggero;M;Illeso;0;;;
4292482;12;23/03/2019 11:00:00;Strada Urbana;VIA PONTINA  (CARREGGIATA COMPLANARE);da specificare;;;;A MT. 50 CIRCA DA VIA MAESTRINI;Veicoli in marcia contro veicoli fermi;Rettilineo;Una carreggiata a doppio senso;Asciutto;Asfaltata;Verticale ed orizzontale;Sereno;Intenso;Buona;Ore Diurne;0;0;0;6;12.4522;41.7941;-1;3;Autovettura privata;In marcia / fermata / arresto;Conducente;F;Illeso;0;;Utilizzato;Inesploso
4292482;12;23/03/2019 11:00:00;Strada Urbana;VIA PONTINA  (CARREGGIATA COMPLANARE);da specificare;;;;A MT. 50 CIRCA DA VIA MAESTRINI;Veicoli in marcia contro veicoli fermi;Rettilineo;Una carreggiata a doppio senso;Asciutto;Asfaltata;Verticale ed orizzontale;Sereno;Intenso;Buona;Ore Diurne;0;0;0;6;12.4522;41.7941;-1;3;Autovettura privata;In marcia / fermata / arresto;Passeggero;M;Illeso;0;;;
4292482;12;23/03/2019 11:00:00;Strada Urbana;VIA PONTINA  (CARREGGIATA COMPLANARE);da specificare;;;;A MT. 50 CIRCA DA VIA MAESTRINI;Veicoli in marcia contro veicoli fermi;Rettilineo;Una carreggiata a doppio senso;Asciutto;Asfaltata;Verticale ed orizzontale;Sereno;Intenso;Buona;Ore Diurne;0;0;0;6;12.4522;41.7941;-1;4;Autovettura privata;In marcia / fermata / arresto;Conducente;M;Illeso;0;;;Inesploso
4292496;9;25/03/2019 14:45:00;Strada Urbana;VIA BRITANNIA;all'intersezione con;VIA ERCOLANO;VIA ERCOLANO;;;Scontro laterale fra veicoli in marcia;Intersezione semaforizzata;Due carreggiate;Asciutto;Asfaltata;Verticale ed orizzontale;Sereno;Normale;Buona;Ore Diurne;0;0;0;2;12.5083;41.8792;-1;1;Autovettura privata;In marcia / fermata / arresto;Conducente;M;Illeso;0;;Utilizzato;Inesploso
4292496;9;25/03/2019 14:45:00;Strada Urbana;VIA BRITANNIA;all'intersezione con;VIA ERCOLANO;VIA ERCOLANO;;;Scontro laterale fra veicoli in marcia;Intersezione semaforizzata;Due carreggiate;Asciutto;Asfaltata;Verticale ed orizzontale;Sereno;Normale;Buona;Ore Diurne;0;0;0;2;12.5083;41.8792;-1;2;Autovettura privata;In marcia / fermata / arresto;Conducente;M;Illeso;0;;Utilizzato;Inesploso
4292514;9;25/03/2019 14:45:00;Strada Urbana;PIAZZA DEI RE DI ROMA;in corrispondenza;;del civico n.;44;;Investimento di pedone;Curva a visuale libera;Una carreggiata a senso unico di marcia;Asciutto;Asfaltata;Verticale ed orizzontale;Sereno;Normale;Buona;Ore Diurne;2;0;0;1;12.5133;41.8822;-1;;;;Pedone;F;Rimandato;0;NON DECEDUTO;;
4292514;9;25/03/2019 14:45:00;Strada Urbana;PIAZZA DEI RE DI ROMA;in corrispondenza;;del civico n.;44;;Investimento di pedone;Curva a visuale libera;Una carreggiata a senso unico di marcia;Asciutto;Asfaltata;Verticale ed orizzontale;Sereno;Normale;Buona;Ore Diurne;2;0;0;1;12.5133;41.8822;-1;;;;Pedone;F;Rimandato;0;NON DECEDUTO;;
4292514;9;25/03/2019 14:45:00;Strada Urbana;PIAZZA DEI RE DI ROMA;in corrispondenza;;del civico n.;44;;Investimento di pedone;Curva a visuale libera;Una carreggiata a senso unico di marcia;Asciutto;Asfaltata;Verticale ed orizzontale;Sereno;Normale;Buona;Ore Diurne;2;0;0;1;12.5133;41.8822;-1;1;Autovettura privata;In marcia / fermata / arresto;Conducente;M;Illeso;0;;Non accertato;Inesploso
4292564;15;25/03/2019 16:45:00;Strada Urbana;VIA DEL TRULLO;all'intersezione con;VIA LICCIANA NARDI;VIA LICCIANA NARDI;;;Scontro laterale fra veicoli in marcia;Incrocio;Due carreggiate;Asciutto;Asfaltata;Verticale ed orizzontale;Sereno;Normale;Buona;Ore Diurne;1;0;0;1;12.4368;41.843;-1;1;Autocarro inferiore 35 q.;In marcia / fermata / arresto;Conducente;M;Illeso;0;;Utilizzato;Inesploso
4292564;15;25/03/2019 16:45:00;Strada Urbana;VIA DEL TRULLO;all'intersezione con;VIA LICCIANA NARDI;VIA LICCIANA NARDI;;;Scontro laterale fra veicoli in marcia;Incrocio;Due carreggiate;Asciutto;Asfaltata;Verticale ed orizzontale;Sereno;Normale;Buona;Ore Diurne;1;0;0;1;12.4368;41.843;-1;2;Motociclo a solo;In marcia / fermata / arresto;Conducente;M;Rimandato;0;NON DECEDUTO;Utilizzato;
4292621;15;25/03/2019 18:55:00;Strada Urbana;VIA DAMIANO MACALUSO;all'intersezione con;VIA GEROLAMO CARDANO;VIA GEROLAMO CARDANO;;;Investimento di pedone;Intersezione stradale segnalata;Una carreggiata a senso unico di marcia;Asciutto;Asfaltata;Verticale ed orizzontale;Sereno;Normale;Sufficiente;Sufficiente;0;0;0;2;12.468;41.8627;-1;;;;Pedone;M;Illeso;0;;;
4292621;15;25/03/2019 18:55:00;Strada Urbana;VIA DAMIANO MACALUSO;all'intersezione con;VIA GEROLAMO CARDANO;VIA GEROLAMO CARDANO;;;Investimento di pedone;Intersezione stradale segnalata;Una carreggiata a senso unico di marcia;Asciutto;Asfaltata;Verticale ed orizzontale;Sereno;Normale;Sufficiente;Sufficiente;0;0;0;2;12.468;41.8627;-1;1;Autovettura privata;In marcia / fermata / arresto;Conducente;F;Illeso;0;;Non accertato;Inesploso
4292846;9;25/03/2019 13:15:00;Strada Urbana;VIA TODI;in corrispondenza;;del civico n.;76;;Veicolo in marcia contro veicolo in sosta;Rettilineo;Una carreggiata a doppio senso;Asciutto;Asfaltata;Verticale ed orizzontale;Sereno;Scarso;Sufficiente;Ore Diurne;0;0;0;0;12.5303;41.8805;-1;1;Autovettura privata;In marcia / fermata / arresto;;;;;;;
4292846;9;25/03/2019 13:15:00;Strada Urbana;VIA TODI;in corrispondenza;;del civico n.;76;;Veicolo in marcia contro veicolo in sosta;Rettilineo;Una carreggiata a doppio senso;Asciutto;Asfaltata;Verticale ed orizzontale;Sereno;Scarso;Sufficiente;Ore Diurne;0;0;0;0;12.5303;41.8805;-1;2;Autovettura privata;Sosta;;;;;;;
4292846;9;25/03/2019 13:15:00;Strada Urbana;VIA TODI;in corrispondenza;;del civico n.;76;;Veicolo in marcia contro veicolo in sosta;Rettilineo;Una carreggiata a doppio senso;Asciutto;Asfaltata;Verticale ed orizzontale;Sereno;Scarso;Sufficiente;Ore Diurne;0;0;0;0;12.5303;41.8805;-1;3;Autovettura privata;Sosta;;;;;;;
4292868;6;25/03/2019 20:45:00;Strada Urbana;VIA SANNICANDRO DI BARI;in corrispondenza;;del civico n.;44;;Veicolo in marcia contro veicolo in sosta;Rettilineo;Una carreggiata a doppio senso;Asciutto;Asfaltata;Assente;Sereno;Scarso;Buona;Sufficiente;0;0;0;1;12.6685;41.8851;-1;1;Autovettura privata;In marcia / fermata / arresto;;;;;;;
4292868;6;25/03/2019 20:45:00;Strada Urbana;VIA SANNICANDRO DI BARI;in corrispondenza;;del civico n.;44;;Veicolo in marcia contro veicolo in sosta;Rettilineo;Una carreggiata a doppio senso;Asciutto;Asfaltata;Assente;Sereno;Scarso;Buona;Sufficiente;0;0;0;1;12.6685;41.8851;-1;2;Autovettura privata;In marcia / fermata / arresto;Conducente;M;Illeso;0;;Non accertato;
4292868;6;25/03/2019 20:45:00;Strada Urbana;VIA SANNICANDRO DI BARI;in corrispondenza;;del civico n.;44;;Veicolo in marcia contro veicolo in sosta;Rettilineo;Una carreggiata a doppio senso;Asciutto;Asfaltata;Assente;Sereno;Scarso;Buona;Sufficiente;0;0;0;1;12.6685;41.8851;-1;3;Autovettura privata;Sosta;;;;;;;
4292906;7;25/03/2019 16:50:00;Strada Urbana;VIA COLLATINA;all'intersezione con;VIA DELLA RUSTICA;VIA DELLA RUSTICA;;;Scontro laterale fra veicoli in marcia;Incrocio;Una carreggiata a doppio senso;Asciutto;Asfaltata;Verticale ed orizzontale;Sereno;Intenso;Buona;Ore Diurne;0;0;0;2;12.6108;41.9058;-1;1;Autovettura privata;In marcia / fermata / arresto;Conducente;M;Illeso;0;;;
4292906;7;25/03/2019 16:50:00;Strada Urbana;VIA COLLATINA;all'intersezione con;VIA DELLA RUSTICA;VIA DELLA RUSTICA;;;Scontro laterale fra veicoli in marcia;Incrocio;Una carreggiata a doppio senso;Asciutto;Asfaltata;Verticale ed orizzontale;Sereno;Intenso;Buona;Ore Diurne;0;0;0;2;12.6108;41.9058;-1;2;Autocarro inferiore 35 q.;In marcia / fermata / arresto;Conducente;M;Illeso;0;;;
4292909;5;25/03/2019 14:00:00;Strada Urbana;VIA GIACOMO PERONI;da specificare;;;;ALTEZZA CIVICO 102;Veicolo in marcia contro veicolo in sosta;Rettilineo;Una carreggiata a senso unico di marcia;Asciutto;Asfaltata;Verticale ed orizzontale;Sereno;Scarso;Buona;Ore Diurne;0;0;0;1;12.6343;41.9343;-1;1;Autovettura privata;Sosta;;;;;;;
4292909;5;25/03/2019 14:00:00;Strada Urbana;VIA GIACOMO PERONI;da specificare;;;;ALTEZZA CIVICO 102;Veicolo in marcia contro veicolo in sosta;Rettilineo;Una carreggiata a senso unico di marcia;Asciutto;Asfaltata;Verticale ed orizzontale;Sereno;Scarso;Buona;Ore Diurne;0;0;0;1;12.6343;41.9343;-1;2;Autocarro inferiore 35 q.;In marcia / fermata / arresto;Conducente;M;Illeso;0;;Non accertato;Inesploso
4292912;17;25/03/2019 15:40:00;Strada Urbana;LUNGOTEVERE DELLE NAVI;all'intersezione semaforizzata con;PONTE GIACOMO MATTEOTTI;PONTE GIACOMO MATTEOTTI;;;Scontro laterale fra veicoli in marcia;Intersezione semaforizzata;Più di due carreggiate;Asciutto;Asfaltata;Verticale ed orizzontale;Sereno;Normale;Buona;Ore Diurne;0;0;0;2;12.4716;41.9168;-1;1;Autovettura pubblica;In marcia / fermata / arresto;Conducente;M;Illeso;0;;;
4292912;17;25/03/2019 15:40:00;Strada Urbana;LUNGOTEVERE DELLE NAVI;all'intersezione semaforizzata con;PONTE GIACOMO MATTEOTTI;PONTE GIACOMO MATTEOTTI;;;Scontro laterale fra veicoli in marcia;Intersezione semaforizzata;Più di due carreggiate;Asciutto;Asfaltata;Verticale ed orizzontale;Sereno;Normale;Buona;Ore Diurne;0;0;0;2;12.4716;41.9168;-1;2;Autocarro inferiore 35 q.;In marcia / fermata / arresto;Conducente;M;Illeso;0;;;
4292914;13;21/03/2019 23:00:00;Strada Urbana;VIA DEL MARE;da specificare;;;;altezza CINELAND;Scontro laterale fra veicoli in marcia;Rettilineo;Una carreggiata a doppio senso;Asciutto;Asfaltata;Assente;Sereno;Scarso;Buona;Sufficiente;0;0;0;1;12.4632;41.8403;-1;1;Autovettura privata;In marcia / fermata / arresto;Conducente;F;Illeso;0;;Non accertato;Inesploso
4292914;13;21/03/2019 23:00:00;Strada Urbana;VIA DEL MARE;da specificare;;;;altezza CINELAND;Scontro laterale fra veicoli in marcia;Rettilineo;Una carreggiata a doppio senso;Asciutto;Asfaltata;Assente;Sereno;Scarso;Buona;Sufficiente;0;0;0;1;12.4632;41.8403;-1;2;Autovettura privata;In marcia / fermata / arresto;;;;;;;
4292918;5;25/03/2019 18:00:00;Strada Urbana;VIA S.GIOVANNI IN ARGENTELLA;da specificare;;;;PROSSIMITA' TORRE DI PRATOLUNGO;Investimento di pedone;Rettilineo;Una carreggiata a doppio senso;Asciutto;Asfaltata;Verticale ed orizzontale;Sereno;Scarso;Buona;Ore Diurne;1;0;0;1;12.6053;41.9472;-1;;;;Pedone;M;Rimandato;0;NON DECEDUTO;;
4292918;5;25/03/2019 18:00:00;Strada Urbana;VIA S.GIOVANNI IN ARGENTELLA;da specificare;;;;PROSSIMITA' TORRE DI PRATOLUNGO;Investimento di pedone;Rettilineo;Una carreggiata a doppio senso;Asciutto;Asfaltata;Verticale ed orizzontale;Sereno;Scarso;Buona;Ore Diurne;1;0;0;1;12.6053;41.9472;-1;1;Autovettura privata;In marcia / fermata / arresto;Conducente;M;Illeso;0;;Non accertato;Inesploso
4292931;13;25/03/2019 17:30:00;Strada Urbana;VIA DEI VELIERI;all'intersezione con;VIA DELLE GONDOLE;VIA DELLE GONDOLE;;;Scontro frontale/laterale DX fra veicoli in marcia;Incrocio;Due carreggiate;Asciutto;Asfaltata;Orizzontale;Sereno;Normale;Buona;Ore Diurne;0;0;0;2;12.2757;41.7365;-1;1;Autovettura privata;In marcia / fermata / arresto;Conducente;M;Illeso;0;;Non accertato;Inesploso
4292931;13;25/03/2019 17:30:00;Strada Urbana;VIA DEI VELIERI;all'intersezione con;VIA DELLE GONDOLE;VIA DELLE GONDOLE;;;Scontro frontale/laterale DX fra veicoli in marcia;Incrocio;Due carreggiate;Asciutto;Asfaltata;Orizzontale;Sereno;Normale;Buona;Ore Diurne;0;0;0;2;12.2757;41.7365;-1;2;Autovettura privata;In marcia / fermata / arresto;Conducente;F;Illeso;0;;Non accertato;Inesploso
4292955;20;25/03/2019 17:30:00;Strada Urbana;VIA CASSIA;in prossimità;;del civico n.;664;;Investimento di pedone;Rettilineo;Una carreggiata a doppio senso;Asciutto;Asfaltata;Orizzontale;Sereno;Normale;Buona;Ore Diurne;1;0;0;1;12.4462;41.964;-1;;;;Pedone;F;Rimandato;0;NON DECEDUTO;;
4292955;20;25/03/2019 17:30:00;Strada Urbana;VIA CASSIA;in prossimità;;del civico n.;664;;Investimento di pedone;Rettilineo;Una carreggiata a doppio senso;Asciutto;Asfaltata;Orizzontale;Sereno;Normale;Buona;Ore Diurne;1;0;0;1;12.4462;41.964;-1;1;Autovettura privata;In marcia / fermata / arresto;Conducente;M;Illeso;0;;Non accertato;Inesploso
4292963;20;25/03/2019 11:30:00;Strada Urbana;VIA DEI ROBILANT;all'intersezione con;LARGO MARESCIALLO DIAZ;LARGO MARESCIALLO DIAZ;;;Scontro laterale fra veicoli in marcia;Incrocio;Una carreggiata a senso unico di marcia;Asciutto;Asfaltata;Verticale ed orizzontale;Sereno;Normale;Buona;Ore Diurne;0;0;0;2;12.4631;41.9354;-1;1;Autovettura privata;In marcia / fermata / arresto;Conducente;M;Illeso;0;;;
4292963;20;25/03/2019 11:30:00;Strada Urbana;VIA DEI ROBILANT;all'intersezione con;LARGO MARESCIALLO DIAZ;LARGO MARESCIALLO DIAZ;;;Scontro laterale fra veicoli in marcia;Incrocio;Una carreggiata a senso unico di marcia;Asciutto;Asfaltata;Verticale ed orizzontale;Sereno;Normale;Buona;Ore Diurne;0;0;0;2;12.4631;41.9354;-1;2;Autovettura privata;In marcia / fermata / arresto;Conducente;F;Illeso;0;;;
4292967;7;25/03/2019 22:05:00;Strada Urbana;VIA COLLATINA;all'intersezione con;VIALE PALMIRO TOGLIATTI;VIALE PALMIRO TOGLIATTI;;;Veicolo in marcia contro ostacolo fisso;Incrocio;Una carreggiata a doppio senso;Asciutto;Asfaltata;Verticale ed orizzontale;Sereno;Scarso;Buona;Sufficiente;0;0;0;1;12.6108;41.9058;-1;1;Autovettura privata;In marcia / fermata / arresto;Conducente;M;Illeso;0;;;
4292969;10;25/03/2019 10:10:00;Strada Urbana;VIA TUSCOLANA;all'intersezione semaforizzata con;VIA VALERIO PUBLICOLA;VIA VALERIO PUBLICOLA;;;Tamponamento;Intersezione semaforizzata;Due carreggiate;Asciutto;Asfaltata;Verticale ed orizzontale;Sereno;Normale;Buona;Ore Diurne;0;0;0;4;12.559;41.8586;-1;1;Autovettura privata;In marcia / fermata / arresto;Conducente;F;Illeso;0;;Non accertato;Inesploso
4292969;10;25/03/2019 10:10:00;Strada Urbana;VIA TUSCOLANA;all'intersezione semaforizzata con;VIA VALERIO PUBLICOLA;VIA VALERIO PUBLICOLA;;;Tamponamento;Intersezione semaforizzata;Due carreggiate;Asciutto;Asfaltata;Verticale ed orizzontale;Sereno;Normale;Buona;Ore Diurne;0;0;0;4;12.559;41.8586;-1;1;Autovettura privata;In marcia / fermata / arresto;Passeggero;F;Illeso;0;;Non accertato;Inesploso
4292969;10;25/03/2019 10:10:00;Strada Urbana;VIA TUSCOLANA;all'intersezione semaforizzata con;VIA VALERIO PUBLICOLA;VIA VALERIO PUBLICOLA;;;Tamponamento;Intersezione semaforizzata;Due carreggiate;Asciutto;Asfaltata;Verticale ed orizzontale;Sereno;Normale;Buona;Ore Diurne;0;0;0;4;12.559;41.8586;-1;2;Autovettura privata;In marcia / fermata / arresto;Conducente;F;Illeso;0;;Non accertato;Inesploso
4292969;10;25/03/2019 10:10:00;Strada Urbana;VIA TUSCOLANA;all'intersezione semaforizzata con;VIA VALERIO PUBLICOLA;VIA VALERIO PUBLICOLA;;;Tamponamento;Intersezione semaforizzata;Due carreggiate;Asciutto;Asfaltata;Verticale ed orizzontale;Sereno;Normale;Buona;Ore Diurne;0;0;0;4;12.559;41.8586;-1;2;Autovettura privata;In marcia / fermata / arresto;Passeggero;F;Illeso;0;;Non accertato;Inesploso
4292974;10;25/03/2019 15:55:00;Strada Urbana;VIA ANAGNINA;in prossimità;;del civico n.;552;;Tamponamento Multiplo;Rettilineo;Due carreggiate;Asciutto;Asfaltata;Verticale ed orizzontale;Sereno;Normale;Buona;Ore Diurne;0;0;0;3;12.6349;41.8047;-1;1;Autovettura privata;In marcia / fermata / arresto;Conducente;M;Illeso;0;;Non accertato;Inesploso
4292974;10;25/03/2019 15:55:00;Strada Urbana;VIA ANAGNINA;in prossimità;;del civico n.;552;;Tamponamento Multiplo;Rettilineo;Due carreggiate;Asciutto;Asfaltata;Verticale ed orizzontale;Sereno;Normale;Buona;Ore Diurne;0;0;0;3;12.6349;41.8047;-1;2;Autovettura privata;In marcia / fermata / arresto;Conducente;F;Illeso;0;;Non accertato;Inesploso
4292974;10;25/03/2019 15:55:00;Strada Urbana;VIA ANAGNINA;in prossimità;;del civico n.;552;;Tamponamento Multiplo;Rettilineo;Due carreggiate;Asciutto;Asfaltata;Verticale ed orizzontale;Sereno;Normale;Buona;Ore Diurne;0;0;0;3;12.6349;41.8047;-1;3;Autovettura privata;In marcia / fermata / arresto;Conducente;F;Illeso;0;;Non accertato;Inesploso
4292975;19;25/03/2019 08:35:00;Strada Urbana;VIA DELLA RISERVA GRANDE;all'intersezione con;VIA TALEGGIO;VIA TALEGGIO;;;Scontro frontale/laterale SX fra veicoli in marcia;Incrocio;Una carreggiata a doppio senso;Asciutto;Asfaltata;Verticale;Sereno;Normale;Buona;Ore Diurne;1;0;0;1;12.3745;41.9465;-1;1;Motociclo a solo;In marcia / fermata / arresto;Conducente;M;Illeso;0;;Non accertato;
4292975;19;25/03/2019 08:35:00;Strada Urbana;VIA DELLA RISERVA GRANDE;all'intersezione con;VIA TALEGGIO;VIA TALEGGIO;;;Scontro frontale/laterale SX fra veicoli in marcia;Incrocio;Una carreggiata a doppio senso;Asciutto;Asfaltata;Verticale;Sereno;Normale;Buona;Ore Diurne;1;0;0;1;12.3745;41.9465;-1;1;Motociclo a solo;In marcia / fermata / arresto;Passeggero;F;Rimandato;0;NON DECEDUTO;Non accertato;
4292975;19;25/03/2019 08:35:00;Strada Urbana;VIA DELLA RISERVA GRANDE;all'intersezione con;VIA TALEGGIO;VIA TALEGGIO;;;Scontro frontale/laterale SX fra veicoli in marcia;Incrocio;Una carreggiata a doppio senso;Asciutto;Asfaltata;Verticale;Sereno;Normale;Buona;Ore Diurne;1;0;0;1;12.3745;41.9465;-1;2;Autocarro inferiore 35 q.;Allontanatosi;;;;;;;
4292977;7;26/03/2019 07:10:00;Strada Urbana;VIALE PALMIRO TOGLIATTI;in prossimità;;del civico n.;514;;Tamponamento;Rettilineo;Due carreggiate;Asciutto;Asfaltata;Verticale ed orizzontale;Sereno;Normale;Buona;Ore Diurne;1;0;0;1;12.5704;41.8743;-1;1;Motociclo a solo;In marcia / fermata / arresto;Conducente;M;Rimandato;0;NON DECEDUTO;;
4292977;7;26/03/2019 07:10:00;Strada Urbana;VIALE PALMIRO TOGLIATTI;in prossimità;;del civico n.;514;;Tamponamento;Rettilineo;Due carreggiate;Asciutto;Asfaltata;Verticale ed orizzontale;Sereno;Normale;Buona;Ore Diurne;1;0;0;1;12.5704;41.8743;-1;2;Autovettura privata;In marcia / fermata / arresto;Conducente;M;Illeso;0;;;
4292987;8;25/03/2019 07:20:00;Strada Urbana;VIALE ANTONIO CIAMARRA;all'intersezione con;VIA DEL FOSSO DI S. MAURA;VIA DEL FOSSO DI S. MAURA;;;Scontro laterale fra veicoli in marcia;Intersezione semaforizzata;Una carreggiata a doppio senso;Asciutto;Asfaltata;Verticale ed orizzontale;Sereno;Normale;Buona;Ore Diurne;0;0;0;2;12.5915;41.8588;-1;1;Autovettura privata;In marcia / fermata / arresto;Conducente;M;Illeso;0;;Non accertato;Inesploso
4292987;8;25/03/2019 07:20:00;Strada Urbana;VIALE ANTONIO CIAMARRA;all'intersezione con;VIA DEL FOSSO DI S. MAURA;VIA DEL FOSSO DI S. MAURA;;;Scontro laterale fra veicoli in marcia;Intersezione semaforizzata;Una carreggiata a doppio senso;Asciutto;Asfaltata;Verticale ed orizzontale;Sereno;Normale;Buona;Ore Diurne;0;0;0;2;12.5915;41.8588;-1;2;Autovettura privata;In marcia / fermata / arresto;Conducente;M;Illeso;0;;Non accertato;Inesploso
4292992;9;25/03/2019 15:20:00;Strada Urbana;VIALE AMELIA;all'intersezione con;VIA GUBBIO;VIA GUBBIO;;;Scontro frontale/laterale SX fra veicoli in marcia;Incrocio;Una carreggiata a senso unico di marcia;Asciutto;Asfaltata;Verticale ed orizzontale;Sereno;Scarso;Buona;Ore Diurne;0;0;0;2;12.5262;41.8784;-1;1;Autovettura privata;In marcia / fermata / arresto;Conducente;M;Illeso;0;;Non accertato;Inesploso
4292992;9;25/03/2019 15:20:00;Strada Urbana;VIALE AMELIA;all'intersezione con;VIA GUBBIO;VIA GUBBIO;;;Scontro frontale/laterale SX fra veicoli in marcia;Incrocio;Una carreggiata a senso unico di marcia;Asciutto;Asfaltata;Verticale ed orizzontale;Sereno;Scarso;Buona;Ore Diurne;0;0;0;2;12.5262;41.8784;-1;2;Autovettura pubblica;In marcia / fermata / arresto;Conducente;M;Illeso;0;;Non accertato;Inesploso
4292993;8;25/03/2019 09:30:00;Strada Urbana;VIA DI TOR VERGATA;in corrispondenza;;del civico n.;10;;Veicolo in marcia contro ostacolo accidentale;Rettilineo;Una carreggiata a doppio senso;Asciutto;Asfaltata;Orizzontale;Sereno;Normale;Buona;Ore Diurne;0;0;0;2;12.6211;41.862;-1;1;Autovettura privata;In marcia / fermata / arresto;Conducente;M;Illeso;0;;Non accertato;Inesploso
4292993;8;25/03/2019 09:30:00;Strada Urbana;VIA DI TOR VERGATA;in corrispondenza;;del civico n.;10;;Veicolo in marcia contro ostacolo accidentale;Rettilineo;Una carreggiata a doppio senso;Asciutto;Asfaltata;Orizzontale;Sereno;Normale;Buona;Ore Diurne;0;0;0;2;12.6211;41.862;-1;1;Autovettura privata;In marcia / fermata / arresto;Passeggero;F;Illeso;0;;Non accertato;Inesploso
4292997;8;25/03/2019 13:05:00;Strada Urbana;VIALE DUILIO CAMBELLOTTI;all'intersezione con;VIA VICO VIGANO';VIA VICO VIGANO';;;Tamponamento;Incrocio;Due carreggiate;Asciutto;Asfaltata;Verticale ed orizzontale;Sereno;Normale;Buona;Ore Diurne;0;0;0;3;12.6297;41.8674;-1;1;Autovettura privata;In marcia / fermata / arresto;Conducente;F;Illeso;0;;;
4292997;8;25/03/2019 13:05:00;Strada Urbana;VIALE DUILIO CAMBELLOTTI;all'intersezione con;VIA VICO VIGANO';VIA VICO VIGANO';;;Tamponamento;Incrocio;Due carreggiate;Asciutto;Asfaltata;Verticale ed orizzontale;Sereno;Normale;Buona;Ore Diurne;0;0;0;3;12.6297;41.8674;-1;2;Autovettura privata;In marcia / fermata / arresto;Conducente;M;Illeso;0;;;
4292997;8;25/03/2019 13:05:00;Strada Urbana;VIALE DUILIO CAMBELLOTTI;all'intersezione con;VIA VICO VIGANO';VIA VICO VIGANO';;;Tamponamento;Incrocio;Due carreggiate;Asciutto;Asfaltata;Verticale ed orizzontale;Sereno;Normale;Buona;Ore Diurne;0;0;0;3;12.6297;41.8674;-1;2;Autovettura privata;In marcia / fermata / arresto;Passeggero;F;Illeso;0;;;
4292997;8;25/03/2019 13:05:00;Strada Urbana;VIALE DUILIO CAMBELLOTTI;all'intersezione con;VIA VICO VIGANO';VIA VICO VIGANO';;;Tamponamento;Incrocio;Due carreggiate;Asciutto;Asfaltata;Verticale ed orizzontale;Sereno;Normale;Buona;Ore Diurne;0;0;0;3;12.6297;41.8674;-1;3;Autovettura privata;Sosta;;;;;;;